                  epoch,         train/box_loss,         train/cls_loss,         train/dfl_loss,   metrics/precision(B),      metrics/recall(B),       metrics/mAP50(B),    metrics/mAP50-95(B),           val/box_loss,           val/cls_loss,           val/dfl_loss,                 lr/pg0,                 lr/pg1,                 lr/pg2
                      1,                 1.5559,                 2.9429,                 1.0793,                0.00469,                0.65869,                0.24808,                 0.0985,                 1.4205,                 3.8655,                 1.0241,             0.00054142,             0.00054142,             0.00054142
                      2,                 1.2904,                 1.3968,                0.98018,                0.47067,                0.08674,                0.27609,                0.15468,                 1.6187,                 2.9581,                  1.075,              0.0010862,              0.0010862,              0.0010862
                      3,                  1.265,                 1.1515,                0.97679,                0.46563,                0.20414,                0.22944,                0.13409,                 1.4896,                 2.6583,                 1.1159,                0.00162,                0.00162,                0.00162
                      4,                 1.2261,                0.94881,                0.97124,                0.43053,                 0.4275,                0.31271,                0.17814,                 1.5023,                 2.1133,                 1.1466,              0.0016175,              0.0016175,              0.0016175
                      5,                 1.1833,                0.82835,                0.95839,                 0.4666,                0.50539,                0.44109,                 0.2518,                 1.6081,                 1.7659,                 1.1514,               0.001601,               0.001601,               0.001601
